"Model #","K","AICc","Delta_AICc","ModelLik","AICcWt","LL","Cum.Wt","ModelName"
"model3",4,386.69065387285,0,1,0.76366125250064,-189.143306734405,0.76366125250064,"bodysize_pc_g_mm~Collection_RiverMile_m + Sex"
"model4",12,389.508904437341,2.8182505644906,0.244356933045957,0.186605921547091,-181.040166504385,0.95026717404773,"bodysize_pc_g_mm~Collection_RiverMile_m + Group_Assignment + Sex"
"model2",11,392.237053408799,5.54639953594875,0.0624618213072394,0.0476996726929576,-183.683744095704,0.997966846740688,"bodysize_pc_g_mm~Collection_RiverMile_m + Group_Assignment"
"model1",2,398.547726645784,11.8570727729339,0.00266237582783515,0.00203315325931202,-197.214457382298,1,"bodysize_pc_g_mm~1"
