"Model #","K","AICc","Delta_AICc","ModelLik","AICcWt","LL","Cum.Wt","ModelName"
"model3",13,394.55708231562,0,1,0.431479713402705,-182.27854115781,0.431479713402705,"bodysize_pc_g_mm~Collection_RiverMile_m + Group_Assignment + Sex"
"model5",14,395.218401244142,0.661318928522235,0.71844978521639,0.309996507419403,-181.275867288738,0.741476220822108,"bodysize_pc_g_mm~Collection_RiverMile_m + Group_Assignment + Sex + Year"
"model4",13,396.843304037098,2.28622172147828,0.318825655291271,0.137566802370507,-183.421652018549,0.879043023192615,"bodysize_pc_g_mm~Collection_RiverMile_m + Group_Assignment + Year"
"model2",12,397.286379876686,2.72929756106669,0.255470386405993,0.110230289109336,-184.94753776443,0.989273312301951,"bodysize_pc_g_mm~Collection_RiverMile_m + Group_Assignment"
"model1",2,401.94605367908,7.38897136346048,0.024860236448794,0.0107266876980491,-198.914203310128,1,"bodysize_pc_g_mm~1"
