"Model #","K","AICc","Delta_AICc","ModelLik","AICcWt","LL","Cum.Wt","ModelName"
"model3",4,390.879687551964,0,1,0.830838146702372,-191.239843775982,0.830838146702372,"bodysize_pc_g_mm~Collection_RiverMile_m + Sex"
"model4",13,394.55708231562,3.67739476365517,0.159024439372613,0.132123570488725,-182.27854115781,0.962961717191097,"bodysize_pc_g_mm~Collection_RiverMile_m + Group_Assignment + Sex"
"model2",12,397.286379876686,6.40669232472186,0.0406260349745177,0.0337536596060941,-184.94753776443,0.996715376797191,"bodysize_pc_g_mm~Collection_RiverMile_m + Group_Assignment"
"model1",2,401.94605367908,11.0663661271157,0.00395338516394005,0.00328462320280861,-198.914203310128,1,"bodysize_pc_g_mm~1"
