"Model #","K","AICc","Delta_AICc","ModelLik","AICcWt","LL","Cum.Wt","ModelName"
"model3",13,394.55708231562,0,1,0.781048255934294,-182.27854115781,0.781048255934294,"bodysize_pc_g_mm~Collection_RiverMile_m + Group_Assignment + Sex"
"model2",12,397.286379876686,2.72929756106669,0.255470386405993,0.199534699745261,-184.94753776443,0.980582955679555,"bodysize_pc_g_mm~Collection_RiverMile_m + Group_Assignment"
"model1",2,401.94605367908,7.38897136346048,0.024860236448794,0.0194170443204447,-198.914203310128,1,"bodysize_pc_g_mm~1"
