"Model #","K","AICc","Delta_AICc","ModelLik","AICcWt","LL","Cum.Wt","ModelName"
"model5",14,1300.68871358844,0,1,0.419699351675175,-634.011023460887,0.419699351675175,"sizecorrected_bodymass_residuals~Collection_RiverMile_m + Group_Assignment + Sex + Year"
"model3",13,1300.85673051346,0.168016925018264,0.919423475432646,0.385881436554018,-635.428365256729,0.805580788229193,"sizecorrected_bodymass_residuals~Collection_RiverMile_m + Group_Assignment + Sex"
"model4",13,1303.0141018791,2.32538829065584,0.312642740239018,0.131215955384266,-636.507050939548,0.93679674361346,"sizecorrected_bodymass_residuals~Collection_RiverMile_m + Group_Assignment + Year"
"model2",12,1304.53028000704,3.84156641860295,0.146492183147799,0.0614826742926124,-638.569487829609,0.998279417906072,"sizecorrected_bodymass_residuals~Collection_RiverMile_m + Group_Assignment"
"model1",2,1311.6824655191,10.9937519306602,0.00409955861752132,0.00172058209392807,-653.782409230138,1,"sizecorrected_bodymass_residuals~1"
