"Model #","K","AICc","Delta_AICc","ModelLik","AICcWt","LL","Cum.Wt","ModelName"
"model3",4,1299.63377812218,0,1,0.612965510831405,-645.616889061089,0.612965510831405,"sizecorrected_bodymass_residuals~Collection_RiverMile_m + Sex"
"model4",13,1300.85673051346,1.22295239128039,0.542549368621763,0.332564050888495,-635.428365256729,0.9455295617199,"sizecorrected_bodymass_residuals~Collection_RiverMile_m + Group_Assignment + Sex"
"model2",12,1304.53028000704,4.89650188486507,0.0864446510216222,0.0529875896721112,-638.569487829609,0.998517151392011,"sizecorrected_bodymass_residuals~Collection_RiverMile_m + Group_Assignment"
"model1",2,1311.6824655191,12.0486873969223,0.00241913873095036,0.00148284860798902,-653.782409230138,1,"sizecorrected_bodymass_residuals~1"
