"Model #","K","AICc","Delta_AICc","ModelLik","AICcWt","LL","Cum.Wt","ModelName"
"model3",4,1286.98941150075,0,1,0.485850314696968,-639.292685548356,0.485850314696968,"sizecorrected_bodymass_residuals~Collection_RiverMile_m + Sex"
"model4",12,1287.17712741425,0.187715913495822,0.910412070948133,0.442323991174069,-629.874277992838,0.928174305871037,"sizecorrected_bodymass_residuals~Collection_RiverMile_m + Group_Assignment + Sex"
"model2",11,1290.84053544268,3.85112394192424,0.145793801947093,0.0708339645568627,-632.985485112642,0.9990082704279,"sizecorrected_bodymass_residuals~Collection_RiverMile_m + Group_Assignment"
"model1",2,1299.37782230004,12.3884107992835,0.00204122451318885,0.00099172957209997,-647.629505209424,1,"sizecorrected_bodymass_residuals~1"
