"ParameterGroup","GroupLikelihood"
"Gonad_Wt_g",0.417975516431
"Work",0.242481165726692
"Sex",0.174966153183766
"Year",0.00308883452376698
"Sex:Year",2.72530417302668e-26
"Work:Year",4.37079432333832e-26
"Sex:Work",1.74363489618858e-25
