"ParameterGroup","GroupLikelihood"
"Gonad_Wt_g",0.544354243199704
"Work",0.366391742045254
"Sex",0.168216742026754
"Year",0.0378570672529938
"Sex:Year",1.88032972312094e-22
"Work:Year",3.84086696721315e-22
"Sex:Work",3.92939904136245e-22
