"Parameter","Estimate","Std_Error","t_value","p_value","CI_Lower","CI_Upper"
"(Intercept)",1.35976369642199,1.56076843865576,0.871214244691617,0.384858664220769,-1.7210901191331,4.44061751197708
"Collection_LocationCanyon Creek",-0.262140129328018,0.273987126502524,-0.956760752500549,0.340038709060742,-0.802972621318491,0.278692362662456
"Collection_LocationChitina Airport",-0.0300634407111929,0.510586154537305,-0.0588802505591568,0.953116240187373,-1.03792678764731,0.977799906224927
"RunTimingGroupLate",-1.02000967263573,0.321533657050897,-3.17232628767777,0.0017929964515077,-1.65469587567544,-0.385323469596022
"RunTimingGroupMiddle",-0.750513168622749,0.275146620157351,-2.72768449124887,0.00704383311545001,-1.29363442450805,-0.207391912737444
"SexF",-1.13786593949119,1.54408145671422,-0.73692092767732,0.462180296128713,-4.18578075480037,1.91004887581799
"SexM",0.102871671143127,1.54321779035565,0.0666605010556671,0.946929853899441,-2.94333832381586,3.14908166610212
"Year2020",-0.528875253362951,0.323507846591595,-1.63481429874131,0.103927520178267,-1.16745837616888,0.109707869442977
