"Model #","K","AICc","Delta_AICc","ModelLik","AICcWt","LL","Cum.Wt","ModelName"
"model2",4,330.760009199937,0,1,0.681305718093058,-161.265062071233,0.681305718093058,"fineness~Collection_RiverMile_m + juliandate"
"model4",5,332.279672388729,1.51966318879158,0.467745191289105,0.318677473435798,-160.96642578974,0.999983191528856,"fineness~Collection_RiverMile_m + juliandate + Sex"
"model3",4,351.979776030996,21.2197668310581,2.46709673763901e-05,1.68084711444218e-05,-171.874945486762,1,"fineness~Collection_RiverMile_m + Sex"
"model1",2,405.304526421537,74.5445172215994,6.49925769817226e-17,4.42798143312508e-17,-200.618172301678,1,"fineness~1"
