"Model #","K","AICc","Delta_AICc","ModelLik","AICcWt","LL","Cum.Wt","ModelName"
"model2",5,348.248058025542,0,1,0.616044031087928,-168.950618608147,0.616044031087928,"fineness~Collection_RiverMile_m + RunTimingGroup"
"model4",6,349.764507549789,1.51644952424624,0.468497383519389,0.288615016697432,-168.638067728383,0.90465904778536,"fineness~Collection_RiverMile_m + RunTimingGroup + Sex"
"model3",4,351.979776030996,3.73171800545333,0.154763210749754,0.0953409522143889,-171.874945486762,0.999999999999749,"fineness~Collection_RiverMile_m + Sex"
"model1",2,405.304526421537,57.0564683959947,4.07704316378685e-13,2.51163810553873e-13,-200.618172301678,1,"fineness~1"
