"","Avg_Coef","CI_Lower","CI_Upper","SE","ParamLikelihood"
"(Intercept)",6.18341177507167,5.95123545822087,6.41558809192247,0.117644933443122,1
"Collection_RiverMile_m",7.27113097387377e-06,4.64095005489561e-06,9.90131189285192e-06,1.33272725701387e-06,1
"juliandate",0.0109197703516806,0.00641309162452497,0.0154264490788361,0.00228356606158386,0.999975
"SexM",1.89168400584479e-06,-0.00119389929639849,0.00119768266441018,0.000607551621857565,2.46704e-05
