"","Avg_Coef","CI_Lower","CI_Upper","SE","ParamLikelihood"
"(Intercept)",6.07919253519796,5.80656448413602,6.35182058625991,0.138167813942222,1
"Collection_RiverMile_m",9.63644754312123e-06,6.9882755971009e-06,1.22846194891416e-05,1.34205071582304e-06,1
"RunTimingGroupLate",0.231441780377222,-0.05499582826124,0.517879389015685,0.145526773713841,0.865978
"RunTimingGroupMiddle",0.216161845748848,-0.052632038029821,0.484955729527516,0.136559282037623,0.865978
"SexM",0.0102765637091408,-0.0755278566774888,0.0960809840957704,0.0435849586082581,0.134022
