"Model #","K","AICc","Delta_AICc","ModelLik","AICcWt","LL","Cum.Wt","ModelName"
"model2",9,807.503936943674,0,1,0.63073775681534,-394.325428187477,0.63073775681534,"fineness~ Gonad_Wt_g + Collection_Location"
"model4",10,808.777336501202,1.27339955752814,0.529035480352109,0.333682652153015,-393.864858726791,0.964420408968356,"fineness~ Gonad_Wt_g + Collection_Location + Sex"
"model1",2,813.707012796336,6.20307585266221,0.0449799732872794,0.0283705674528325,-404.825983462388,0.992790976421188,"fineness~ 1"
"model3",4,816.447050264975,8.94311332130098,0.0114295101266978,0.00720902357881161,-404.130932539895,1,"fineness~ Gonad_Wt_g + Sex"
