"Model #","K","AICc","Delta_AICc","ModelLik","AICcWt","LL","Cum.Wt","ModelName"
"model3",13,639.635660654742,0,1,0.703567396725089,-304.839569457806,0.703567396725089,"TotalEnergy_mJ~Collection_RiverMile_m + Group_Assignment + Sex"
"model2",12,641.364353700749,1.72869304600647,0.421326790052284,0.296431792847623,-307.004757495536,0.999999189572712,"TotalEnergy_mJ~Collection_RiverMile_m + Group_Assignment"
"model1",2,666.983885869514,27.3482252147719,1.15188294927389e-06,8.10427287952648e-07,-331.433690507573,1,"TotalEnergy_mJ~1"
