"Model #","K","AICc","Delta_AICc","ModelLik","AICcWt","LL","Cum.Wt","ModelName"
"model4",13,639.635660654742,0,1,0.672429090231216,-304.839569457806,0.672429090231216,"TotalEnergy_mJ~Collection_RiverMile_m + Group_Assignment + Sex"
"model2",12,641.364353700749,1.72869304600647,0.421326790052284,0.283312390124896,-307.004757495536,0.955741480356112,"TotalEnergy_mJ~Collection_RiverMile_m + Group_Assignment"
"model3",4,645.077393209922,5.4417325551799,0.0658177133131862,0.0442577450842848,-318.340676802981,0.999999225440396,"TotalEnergy_mJ~Collection_RiverMile_m + Sex"
"model1",2,666.983885869514,27.3482252147719,1.15188294927389e-06,7.74559603633091e-07,-331.433690507573,1,"TotalEnergy_mJ~1"
