"Model #","K","AICc","Delta_AICc","ModelLik","AICcWt","LL","Cum.Wt","ModelName"
"model4",12,632.314021388895,0,1,0.687145380828995,-302.461358520535,0.687145380828995,"TotalEnergy_mJ~Collection_RiverMile_m + Group_Assignment + Sex"
"model2",11,634.050950189462,1.73692880056728,0.419595385338573,0.288323030852563,-304.606120256022,0.975468411681558,"TotalEnergy_mJ~Collection_RiverMile_m + Group_Assignment"
"model3",4,638.979216190358,6.66519480146269,0.0357002566648302,0.0245312664616476,-315.289608095179,0.999999678143205,"TotalEnergy_mJ~Collection_RiverMile_m + Sex"
"model1",2,661.46192085932,29.1478994704246,4.6839694136293e-07,3.21856794651967e-07,-328.672136900248,1,"TotalEnergy_mJ~1"
