"Model #","K","AICc","Delta_AICc","ModelLik","AICcWt","LL","Cum.Wt","ModelName"
"model2",11,-1152.28754785275,0,1,0.499323813191911,588.563128765085,0.499323813191911,"EnergyPDry_1_mJ_g~Collection_RiverMile_m + Group_Assignment"
"model4",12,-1152.28445315079,0.00309470195907124,0.998453845550761,0.498551781456534,589.837878749308,0.997875594648445,"EnergyPDry_1_mJ_g~Collection_RiverMile_m + Group_Assignment + Sex"
"model3",4,-1141.36802208882,10.9195257639251,0.00425456445919299,0.00212440534923503,574.884011044412,0.99999999999768,"EnergyPDry_1_mJ_g~Collection_RiverMile_m + Sex"
"model1",2,-1100.09770185225,52.1898460004968,4.64642504170954e-12,2.3200706695368e-12,552.107674455538,1,"EnergyPDry_1_mJ_g~1"
