"Model #","K","AICc","Delta_AICc","ModelLik","AICcWt","LL","Cum.Wt","ModelName"
"model2",11,298.341060733499,0,1,0.49932381319189,-136.75117552804,0.49932381319189,"EnergyPDry_1~Collection_RiverMile_m + Group_Assignment"
"model4",12,298.344155435458,0.00309470195890071,0.998453845550846,0.498551781456555,-135.476425543816,0.997875594648445,"EnergyPDry_1~Collection_RiverMile_m + Group_Assignment + Sex"
"model3",4,309.260586497424,10.919525763925,0.00425456445919311,0.002124405349235,-150.430293248712,0.99999999999768,"EnergyPDry_1~Collection_RiverMile_m + Sex"
"model1",2,350.530906733996,52.1898460004969,4.64642504170928e-12,2.32007066953656e-12,-173.206629837586,1,"EnergyPDry_1~1"
