"Model #","K","AICc","Delta_AICc","ModelLik","AICcWt","LL","Cum.Wt","ModelName"
"model2",12,302.457227202348,0,1,0.50348770704549,-137.551194246335,0.50348770704549,"EnergyPDry_1~Collection_RiverMile_m + Group_Assignment"
"model3",13,302.485129311272,0.0279021089247067,0.986145810518537,0.496512292950494,-136.264303786071,0.999999999995984,"EnergyPDry_1~Collection_RiverMile_m + Group_Assignment + Sex"
"model1",2,353.566398410839,51.1091712084912,7.97598786869993e-12,4.01581184343437e-12,-174.724946778235,1,"EnergyPDry_1~1"
