"Model #","K","AICc","Delta_AICc","ModelLik","AICcWt","LL","Cum.Wt","ModelName"
"model4",13,272.288312936914,0,1,0.724652548430696,-121.165895598892,0.724652548430696,"EnergyPDry_1~Collection_RiverMile_m + Group_Assignment + Year"
"model5",14,274.2236329479,1.93532001098538,0.379971128989039,0.275347046951996,-120.804124166257,0.999999595382691,"EnergyPDry_1~Collection_RiverMile_m + Group_Assignment + Sex + Year"
"model2",12,302.457227202348,30.1689142654336,2.81127612773878e-07,2.03719841030829e-07,-137.551194246335,0.999999799102532,"EnergyPDry_1~Collection_RiverMile_m + Group_Assignment"
"model3",13,302.485129311272,30.1968163743583,2.77232817558038e-07,2.00897467752054e-07,-136.264303786071,1,"EnergyPDry_1~Collection_RiverMile_m + Group_Assignment + Sex"
"model1",2,353.566398410839,81.2780854739248,2.24227042904102e-18,1.62486698067537e-18,-174.724946778235,1,"EnergyPDry_1~1"
