"Model #","K","AICc","Delta_AICc","ModelLik","AICcWt","LL","Cum.Wt","ModelName"
"model3",5,180.310705950642,0,1,0.996131959494773,-84.8492305263416,0.996131959494773,"fineness~Collection_RiverMile_m + juliandate + Sex"
"model4",13,192.262673502778,11.9519675521356,0.00253900304728885,0.00252918208065905,-81.1091145291668,0.998661141575432,"fineness~Collection_RiverMile_m + juliandate + Group_Assignment + Sex"
"model2",12,193.534830769351,13.2241248187088,0.00134405729261713,0.00133885842456794,-83.0531296703899,1,"fineness~Collection_RiverMile_m + juliandate + Group_Assignment"
"model1",2,258.968661628694,78.6579556780515,8.31078305494933e-18,8.27863660946263e-18,-127.424924873753,1,"fineness~1"
